id,nombre,apellido,email,escuela,,,
1,Estefania,Arocas,estefania@gmail.com,UVM,,,
2,Queralt,Viso,queralt@gmail.com,UTC,,,
3,Joan,Ayala,joan@gmail.com,IPN,,,
4,Joan,Baez,joan@gmail.com,UNAM,,,
5,Marc,Bastardes,marc@gmail.com,UNITEC,,,
6,Josep,Anguera,josep@gmail.com,UNITEC,,,
7,Esther,Pascual,esther@gmail.com,UNAM,,,
8,Laura,Vallés,laura@gmail.com,UAM,,,
9,Raquel,Raya,raquel@gmail.com,UVM,,,
10,Joan,Andreu,joan@gmail.com,UTC,,,
11,Maria,Baraldés,maria@gmail.com,UTC,,,
12,Adria,Berengueras,adria@gmail.com,IPN,,,
13,Gerard,López,gerard@gmail.com,UNAM,,,
14,Eliot,Arnau,eliot@gmail.com,UNITEC,,,
15,Jordi,Raya,jordi@gmail.com,UNEVE,,,
16,Luis,Zambudio,luis@gmail.com,IPN,,,
17,Laura,Bidault,laura@gmail.com,UVM,,,
18,Jordi,Biosca,jordi@gmail.com,UNEVE,,,
19,Dounya,Zafra,dounya@gmail.com,IPN,,,
20,Julio,Aleu,julio@gmail.com,UTC,,,
21,Andreu,Badia,andreu@gmail.com,UTC,,,
22,Ramon,Morales,ramon@gmail.com,UTC,,,
23,David,Blanco,david@gmail.com,UNAM,,,
24,Aran,Alvarez,aran@gmail.com,IPN,,,
25,Gemma,Garcia,gemma@gmail.com,UVM,,,
26,Ivan,Libori,ivan@gmail.com,UNAM,,,
27,David,Bidault,david@gmail.com,UNITEC,,,
28,Xavier,Benitez,xavier@gmail.com,UNAM,,,
29,Mario,Pascual,mario@gmail.com,UNAM,,,
30,Jesus,Ayala,jesus@gmail.com,UAM,,,
31,Gemma,Listan,gemma@gmail.com,UAM,,,
32,Silvia,Rasero,silvia@gmail.com,UAM,,,
33,Albert,Arnalot,albert@gmail.com,UNAM,,,
34,Maria,Moliner,maria@gmail.com,UTC,,,
35,Berta,Galobart,berta@gmail.com,UNAM,,,
36,Berta,López,berta@gmail.com,UVM,,,
37,Mireia,Sánchez,mireia@gmail.com,UNAM,,,
38,Gemma,Alavedra,gemma@gmail.com,UAM,,,
39,Maria Isabel,Aligué,maria isabel@gmail.com,UNITEC,,,
40,Toni,Mas,toni@gmail.com,UAM,,,
41,Alejandro,Aloy,alejandro@gmail.com,UNITEC,,,
42,Joan Martí,Asensio,joan martí@gmail.com,UAM,,,
43,Ingrid,Bidault,ingrid@gmail.com,UAM,,,
44,Oliver,Aloy,oliver@gmail.com,UNEVE,,,
45,Sandra,Altimiras,sandra@gmail.com,UNEVE,,,
46,Jordi,Belmonte,jordi@gmail.com,UNITEC,,,
47,Marc,Bajona,marc@gmail.com,UVM,,,
48,Jordina,Aguilar,jordina@gmail.com,UNAM,,,
49,Maria José,Barriga,maria josé@gmail.com,UNAM,,,
50,Raquel,Avila,raquel@gmail.com,IPN,,,
51,Enric,Parramon,enric@gmail.com,IPN,,,
52,Marta,Aguilar,marta@gmail.com,UNEVE,,,
53,Carla,Ayala,carla@gmail.com,UTC,,,
54,Maria Noelia,Alvarez,maria noelia@gmail.com,IPN,,,
55,Cristina,Alins,cristina@gmail.com,IPN,,,
56,Carlos,Acuña,carlos@gmail.com,UTC,,,
57,David,Algué,david@gmail.com,UAM,,,
58,Cristian,Badia,cristian@gmail.com,UVM,,,
59,Julio,Benitez,julio@gmail.com,UAM,,,
60,Sergi,Torruella,sergi@gmail.com,UVM,,,
61,Aleix,Alberich,aleix@gmail.com,UNEVE,,,
62,Verònica,Armencot,verònica@gmail.com,UVM,,,
63,Mariona,Aligué,mariona@gmail.com,UNAM,,,
64,Marc,Barriga,marc@gmail.com,UNITEC,,,
65,Gemma,Portella,gemma@gmail.com,UTC,,,
66,Ricard,Aguilera,ricard@gmail.com,UTC,,,
67,Juan,Rodriguez,juan@gmail.com,UNAM,,,
68,Marta,Aguilar,marta@gmail.com,IPN,,,
69,Natàlia,Barriga,natàlia@gmail.com,UAM,,,
70,Marta,Barcons,marta@gmail.com,UNEVE,,,
71,Laura,Aguilera,laura@gmail.com,UNEVE,,,
72,Joan,Aleu,joan@gmail.com,UNITEC,,,
73,Alexia,Vallés,alexia@gmail.com,UNITEC,,,
74,Ferran,Molina,ferran@gmail.com,UAM,,,
75,Cristina,Arissa,cristina@gmail.com,UTC,,,
76,José,Baraldés,josé@gmail.com,UVM,,,
77,Jordi,Suarez,jordi@gmail.com,UNEVE,,,
78,Begonya,Arpa,begonya@gmail.com,UNEVE,,,
79,Ingrid,Aloy,ingrid@gmail.com,IPN,,,
80,Miquel,Luque,miquel@gmail.com,UTC,,,
81,Agustí,Ridó,agustí@gmail.com,UTC,,,
82,Antoni,Santamaria,antoni@gmail.com,UVM,,,
83,Joan,Herms,joan@gmail.com,UTC,,,
84,Mònica,Artigas,mònica@gmail.com,IPN,,,
85,Gerard,Aguilar,gerard@gmail.com,UNEVE,,,
86,Gemma,Altimiras,gemma@gmail.com,UVM,,,
87,Maria,Torrescasana,maria@gmail.com,UNAM,,,
88,Oriol,Ariza,oriol@gmail.com,UNITEC,,,
89,Virginia,Alvarez,virginia@gmail.com,UNEVE,,,
90,Damià,Baraldés,damià@gmail.com,UNEVE,,,
91,Valentí,Garcia,valentí@gmail.com,UTC,,,
92,Aina,Aroca,aina@gmail.com,UVM,,,
93,David,Alonso,david@gmail.com,UVM,,,
94,Gerard,Cano,gerard@gmail.com,UNITEC,,,
95,Marta,Alcaide,marta@gmail.com,UNITEC,,,
96,Mireia,Aguilera,mireia@gmail.com,UNAM,,,
97,Eloi,Alapont,eloi@gmail.com,UTC,,,
98,Anna,Rivero,anna@gmail.com,IPN,,,
99,Alba,Avila,alba@gmail.com,UVM,,,
100,Sandra,Granados,sandra@gmail.com,UAM,,,
101,Eric,Ferrer,eric@gmail.com,UNEVE,,,
102,Lluís,Amigo,lluís@gmail.com,UVM,,,
103,Cristian,Abdin,cristian@gmail.com,UNITEC,,,
104,Guillem,Canellas,guillem@gmail.com,UAM,,,
105,Dimas,Hidalgo,dimas@gmail.com,UNITEC,,,
106,Ana,Bastardas,ana@gmail.com,UNITEC,,,
107,Ivet,Abadias,ivet@gmail.com,UAM,,,
108,Júlia,Arevalo,júlia@gmail.com,UAM,,,
109,Daniel,Alins,daniel@gmail.com,IPN,,,
110,Abel,Garcia,abel@gmail.com,UNAM,,,
111,Irene,Alvarez,irene@gmail.com,UNAM,,,
112,Adrià,Casas,adrià@gmail.com,UNITEC,,,
113,Jairo,Morales,jairo@gmail.com,IPN,,,
114,Cristina,Baraldés,cristina@gmail.com,UNITEC,,,
115,David,Aroca,david@gmail.com,UAM,,,
116,Adrià,Rueda,adrià@gmail.com,UVM,,,
117,Lucia,Alvarez,lucia@gmail.com,UNEVE,,,
118,Carla,Boix,carla@gmail.com,UNEVE,,,
119,Adrià,Baraldés,adrià@gmail.com,UNITEC,,,
120,Marta,Aguilera,marta@gmail.com,UNAM,,,
121,Marc,Barea,marc@gmail.com,UVM,,,
122,Alex,Barroso,alex@gmail.com,UNEVE,,,
123,Leroi,Pasadas,leroi@gmail.com,UNITEC,,,
124,Audrie,Gilabert,audrie@gmail.com,IPN,,,
125,Oswald,Ferreras,oswald@gmail.com,UNEVE,,,
126,Hagen,Tejado,hagen@gmail.com,IPN,,,
127,Morris,Soto,morris@gmail.com,UTC,,,
128,Aarika,Vilafranca,aarika@gmail.com,UVM,,,
129,Carolann,Aloy,carolann@gmail.com,IPN,,,
130,Marcela,Girvent,marcela@gmail.com,UTC,,,
131,Dulcine,Garcia,dulcine@gmail.com,UNAM,,,
132,Fons,Cruz,fons@gmail.com,UVM,,,
133,Dimitri,Comas,dimitri@gmail.com,UNITEC,,,
134,Leanna,Cullerés,leanna@gmail.com,UNAM,,,
135,Frances,Lopez,frances@gmail.com,UTC,,,
136,Chantal,Moreno,chantal@gmail.com,UNITEC,,,
137,Lewie,Gavilan,lewie@gmail.com,UNEVE,,,
138,Blinni,Figuls,blinni@gmail.com,UNAM,,,
139,Arluene,Cullerés,arluene@gmail.com,UTC,,,
140,Gareth,Fontanet,gareth@gmail.com,UNEVE,,,
141,Horacio,Figuls,horacio@gmail.com,UNEVE,,,
142,Georgina,Icart,georgina@gmail.com,UVM,,,
143,Nari,Torné,nari@gmail.com,IPN,,,
144,Ralina,Gese,ralina@gmail.com,UNITEC,,,
145,Cybill,Fontanet,cybill@gmail.com,UAM,,,
146,Mac,Fernández,mac@gmail.com,UVM,,,
147,Mitch,Almoguera,mitch@gmail.com,UVM,,,
148,Meir,Figueras,meir@gmail.com,UVM,,,
149,Merrile,Pueyo,merrile@gmail.com,UVM,,,
150,Bathsheba,Jose,bathsheba@gmail.com,UAM,,,
151,Sunny,Flores,sunny@gmail.com,UAM,,,
152,Shayna,Torné,shayna@gmail.com,IPN,,,
153,Zita,Figueras,zita@gmail.com,UVM,,,
154,Franky,Gavilan,franky@gmail.com,UVM,,,
155,Kristos,Puig,kristos@gmail.com,UTC,,,
156,Aubert,Garrido,aubert@gmail.com,UVM,,,
157,Lucretia,Garcia,lucretia@gmail.com,UNAM,,,
158,Urban,Garrigassait,urban@gmail.com,UNITEC,,,
159,Harold,Gómez,harold@gmail.com,UTC,,,
160,Catharina,Sunyé,catharina@gmail.com,UAM,,,
161,Clerc,Bonvehí,clerc@gmail.com,UVM,,,
162,Randi,Franch,randi@gmail.com,UAM,,,
163,Louie,Compte,louie@gmail.com,IPN,,,
164,Arch,Vega,arch@gmail.com,UNITEC,,,
165,Leigh,Pérez,leigh@gmail.com,UVM,,,
166,Nicola,Codinachs,nicola@gmail.com,UVM,,,
167,Ira,Armenteros,ira@gmail.com,UAM,,,
168,Shandie,Sánchez,shandie@gmail.com,UNAM,,,
169,Archambault,Garcia,archambault@gmail.com,IPN,,,
170,Myrwyn,Rodriguez,myrwyn@gmail.com,UVM,,,
171,Robinett,Soto,robinett@gmail.com,UAM,,,
172,Daniel,Masjuan,daniel@gmail.com,UNAM,,,
173,Daveen,Flores,daveen@gmail.com,UNEVE,,,
174,Jaquelyn,Ramos,jaquelyn@gmail.com,UNEVE,,,
175,Anallise,Alsina,anallise@gmail.com,UNEVE,,,
176,Hilary,Troyano,hilary@gmail.com,IPN,,,
177,Kippar,González,kippar@gmail.com,UNITEC,,,
178,Brant,Tort,brant@gmail.com,UNEVE,,,
179,Rachele,Trancho,rachele@gmail.com,UVM,,,
180,Moishe,Castillo,moishe@gmail.com,UNEVE,,,
181,Bran,Flores,bran@gmail.com,UNAM,,,
182,Shawn,Garcia,shawn@gmail.com,UTC,,,
183,Killian,Rodriguez,killian@gmail.com,IPN,,,
184,Ranee,Puig,ranee@gmail.com,UNEVE,,,
185,Trudi,Rivera,trudi@gmail.com,UNITEC,,,
186,Roderich,Riu,roderich@gmail.com,UNEVE,,,
187,Monroe,Gispets,monroe@gmail.com,UVM,,,
188,Enriqueta,Baena,enriqueta@gmail.com,IPN,,,
189,Patrice,García,patrice@gmail.com,UNITEC,,,
190,Sorcha,Sunyé,sorcha@gmail.com,UNAM,,,
191,Templeton,Tardà,templeton@gmail.com,UAM,,,
192,Frans,Lara,frans@gmail.com,UVM,,,
193,Marsha,Tatjé,marsha@gmail.com,UVM,,,
194,Annabela,Prat,annabela@gmail.com,UNEVE,,,
195,Tyrus,Girvent,tyrus@gmail.com,UAM,,,
196,Rheta,Garrido,rheta@gmail.com,UNEVE,,,
197,Georgy,Hermoso,georgy@gmail.com,IPN,,,
198,Jakob,Pardo,jakob@gmail.com,UNAM,,,
199,Lilla,Garzón,lilla@gmail.com,UNEVE,,,
200,Charmine,Moreno,charmine@gmail.com,UTC,,,
201,Maribelle,Farrando,maribelle@gmail.com,UNEVE,,,
202,Tyrus,Garrigasait,tyrus@gmail.com,UNITEC,,,
203,Kariotta,Gómez,kariotta@gmail.com,UNAM,,,
204,Dre,Flotats,dre@gmail.com,UNEVE,,,
205,Steffane,Gómez,steffane@gmail.com,IPN,,,
206,Olga,Maturano,olga@gmail.com,UTC,,,
207,Edward,Masana,edward@gmail.com,UVM,,,
208,Felisha,Serarols,felisha@gmail.com,UNEVE,,,
209,Maryrose,Garcia,maryrose@gmail.com,UNEVE,,,
210,Connie,Puigbó,connie@gmail.com,UNAM,,,
211,Olga,Armenteros,olga@gmail.com,UVM,,,
212,Waylin,Tarragó,waylin@gmail.com,UAM,,,
213,Aksel,García,aksel@gmail.com,UTC,,,
214,Maryanne,Gómez,maryanne@gmail.com,UAM,,,
215,Ivor,Rodriguez,ivor@gmail.com,UNEVE,,,
216,Veronique,Gómez,veronique@gmail.com,UVM,,,
217,Nathanial,Molina,nathanial@gmail.com,UTC,,,
218,Obadiah,Prat,obadiah@gmail.com,UVM,,,
219,Wald,Icart,wald@gmail.com,UNEVE,,,
220,Gannon,Florido,gannon@gmail.com,IPN,,,
221,Luciano,Masjuan,luciano@gmail.com,UNEVE,,,
222,Gustavo,Andrés,gustavo@gmail.com,UTC,,,
223,Beverlee,Gasset,beverlee@gmail.com,IPN,,,
224,Jan,Modrego,jan@gmail.com,UVM,,,
225,Kettie,Tatjè,kettie@gmail.com,UNEVE,,,
226,Ive,Gomez,ive@gmail.com,UNITEC,,,
227,Svend,Altimiras,svend@gmail.com,UNAM,,,
228,Rockwell,Franch,rockwell@gmail.com,IPN,,,
229,Klaus,Masana,klaus@gmail.com,UNITEC,,,
230,Lily,Sanchez,lily@gmail.com,UTC,,,
231,Bron,Mulet,bron@gmail.com,UVM,,,
232,Chen,González,chen@gmail.com,UNITEC,,,
233,Lucilia,Parcerisa,lucilia@gmail.com,UAM,,,
234,Berte,Andrés,berte@gmail.com,UNITEC,,,
235,Luella,Gese,luella@gmail.com,UVM,,,
236,Wynn,Martorell,wynn@gmail.com,UAM,,,
237,Elianore,Gómez,elianore@gmail.com,UNITEC,,,
238,Osbert,Alvarez,osbert@gmail.com,UAM,,,
239,Sheena,Domenech,sheena@gmail.com,UAM,,,
240,Byron,González,byron@gmail.com,UNITEC,,,
241,Michel,Monrós,michel@gmail.com,UTC,,,
242,Darb,Merino,darb@gmail.com,UNAM,,,
243,Joelly,D'Haene,joelly@gmail.com,UTC,,,
244,Alfi,Kemster,alfi@gmail.com,UAM,,,
245,Omar,McIlwraith,omar@gmail.com,UNAM,,,
246,Mannie,Greenhaugh,mannie@gmail.com,UAM,,,
247,Hogan,O'Lahy,hogan@gmail.com,UTC,,,
248,Con,Bascombe,con@gmail.com,UNAM,,,
249,Claudetta,Hallowes,claudetta@gmail.com,UNAM,,,
250,Gordon,Greser,gordon@gmail.com,UNITEC,,,
251,Cly,Durnan,cly@gmail.com,UNEVE,,,
252,Bertram,Albrooke,bertram@gmail.com,UVM,,,
253,Florian,Tuckie,florian@gmail.com,UAM,,,
254,Adolpho,Purveys,adolpho@gmail.com,UNAM,,,
255,Gav,Pippin,gav@gmail.com,UVM,,,
256,Catherina,Malicki,catherina@gmail.com,UAM,,,
257,Rance,Traill,rance@gmail.com,UAM,,,
258,Lolita,Abbs,lolita@gmail.com,UNITEC,,,
259,Winfield,Brugger,winfield@gmail.com,UNITEC,,,
260,Elly,Trazzi,elly@gmail.com,UAM,,,
261,Crysta,Kobierski,crysta@gmail.com,UTC,,,
262,Pietra,Ridett,pietra@gmail.com,UAM,,,
263,Richy,Ganter,richy@gmail.com,UNITEC,,,
264,Caryl,Bardnam,caryl@gmail.com,UNEVE,,,
265,Marget,Onn,marget@gmail.com,IPN,,,
266,Kameko,Bulluck,kameko@gmail.com,UVM,,,
267,Karyn,Ather,karyn@gmail.com,UNAM,,,
268,Hillie,Jessup,hillie@gmail.com,UNAM,,,
269,Kacy,Tomsett,kacy@gmail.com,UAM,,,
270,Ardra,Huie,ardra@gmail.com,UNITEC,,,
271,Chan,Freyn,chan@gmail.com,UNAM,,,
272,Sergei,Piris,sergei@gmail.com,UNEVE,,,
273,Clayborn,Bentjens,clayborn@gmail.com,UNEVE,,,
274,Sonni,Gyves,sonni@gmail.com,UNITEC,,,
275,Marybelle,Kloska,marybelle@gmail.com,UVM,,,
276,Rand,Petrillo,rand@gmail.com,UVM,,,
277,Irma,Klesse,irma@gmail.com,UAM,,,
278,Abram,McGlew,abram@gmail.com,UTC,,,
279,Aldric,Bromont,aldric@gmail.com,UAM,,,
280,Betty,Craighall,betty@gmail.com,UAM,,,
281,Ruggiero,Twidell,ruggiero@gmail.com,UNEVE,,,
282,Kalila,Metzke,kalila@gmail.com,UNITEC,,,
283,Torrence,Guillard,torrence@gmail.com,IPN,,,
284,Mirabelle,Bonder,mirabelle@gmail.com,UVM,,,
285,Edgardo,Guillou,edgardo@gmail.com,UNAM,,,
286,Flinn,Connerly,flinn@gmail.com,UNEVE,,,
287,Faber,Salmond,faber@gmail.com,UVM,,,
288,Mercy,Fairburne,mercy@gmail.com,UTC,,,
289,Ana,Ruthven,ana@gmail.com,UNEVE,,,
290,Maitilde,Heustice,maitilde@gmail.com,UVM,,,
291,Corine,Bolletti,corine@gmail.com,UTC,,,
292,Torry,Seagar,torry@gmail.com,UAM,,,
293,Xymenes,Mamwell,xymenes@gmail.com,UTC,,,
294,Zeb,Tewes,zeb@gmail.com,UTC,,,
295,Libbi,Kyttor,libbi@gmail.com,UNEVE,,,
296,Zaneta,Yorke,zaneta@gmail.com,UAM,,,
297,Meredith,Staines,meredith@gmail.com,UNITEC,,,
298,Syd,Saddler,syd@gmail.com,UAM,,,
299,Kinny,Reckhouse,kinny@gmail.com,UTC,,,
300,Marget,Wilmot,marget@gmail.com,UTC,,,
301,Francklin,Barenskie,francklin@gmail.com,UVM,,,
302,Grata,Bansal,grata@gmail.com,UNITEC,,,
303,Brooks,Headington,brooks@gmail.com,UAM,,,
304,Sascha,Cornfoot,sascha@gmail.com,IPN,,,
305,Leonora,Sibille,leonora@gmail.com,UNEVE,,,
306,Carol-jean,Pedder,carol-jean@gmail.com,UNITEC,,,
307,Otes,Hammonds,otes@gmail.com,UNEVE,,,
308,Antonio,Leachman,antonio@gmail.com,IPN,,,
309,Padgett,Fanner,padgett@gmail.com,UNAM,,,
310,Rea,Saunder,rea@gmail.com,UNAM,,,
311,Courtnay,Reuter,courtnay@gmail.com,UNAM,,,
312,Bertine,Ridewood,bertine@gmail.com,UVM,,,
313,Fredia,Pettiward,fredia@gmail.com,UNEVE,,,
314,Ginger,Schelle,ginger@gmail.com,UNAM,,,
315,Briana,Bebbell,briana@gmail.com,UNEVE,,,
316,Emily,Leonarde,emily@gmail.com,UNEVE,,,
317,Hephzibah,Littrell,hephzibah@gmail.com,UVM,,,
318,Shirlee,Tansley,shirlee@gmail.com,UNAM,,,
319,Krissy,Bockmann,krissy@gmail.com,UNEVE,,,
320,Ree,Trattles,ree@gmail.com,UTC,,,
321,Sibylla,McRavey,sibylla@gmail.com,UTC,,,
322,Tandie,Greneham,tandie@gmail.com,UNEVE,,,
323,Elmira,Penhale,elmira@gmail.com,UNAM,,,
324,Ruthi,Norssister,ruthi@gmail.com,UNEVE,,,
325,Franklin,McDiarmid,franklin@gmail.com,UNEVE,,,
326,Chiquia,Waith,chiquia@gmail.com,UTC,,,
327,Griffin,Cornford,griffin@gmail.com,UAM,,,
328,Pietrek,Dedham,pietrek@gmail.com,UNEVE,,,
329,Ninon,Phittiplace,ninon@gmail.com,UAM,,,
330,Kiah,Meedendorpe,kiah@gmail.com,UVM,,,
331,Caryl,Hryncewicz,caryl@gmail.com,UNITEC,,,
332,Alena,Malthus,alena@gmail.com,UNAM,,,
333,Rebecka,Balding,rebecka@gmail.com,UNITEC,,,
334,Sibylla,Buckoke,sibylla@gmail.com,UTC,,,
335,Lilah,Rentz,lilah@gmail.com,UNAM,,,
336,Georgetta,Iacomini,georgetta@gmail.com,UTC,,,
337,Joy,Bellany,joy@gmail.com,UAM,,,
338,Mozes,Edlyne,mozes@gmail.com,UTC,,,
339,Wildon,Plewes,wildon@gmail.com,UTC,,,
340,Wrennie,Bateman,wrennie@gmail.com,UNITEC,,,
341,Bennie,Godfrey,bennie@gmail.com,UAM,,,
342,Waverly,Grosvener,waverly@gmail.com,UTC,,,
343,Meggi,Stoffel,meggi@gmail.com,UNEVE,,,
344,Web,Nials,web@gmail.com,UVM,,,
345,Karol,Ellerby,karol@gmail.com,UNAM,,,
346,Pauly,Mityushkin,pauly@gmail.com,UAM,,,
347,Joann,Aspel,joann@gmail.com,UTC,,,
348,Alisa,Gaither,alisa@gmail.com,UNITEC,,,
349,Celestyn,Strover,celestyn@gmail.com,UTC,,,
350,Murdock,Aiston,murdock@gmail.com,UNEVE,,,
351,Ulla,Rocks,ulla@gmail.com,UNEVE,,,
352,Rafaello,Rouchy,rafaello@gmail.com,UVM,,,
353,Tonye,Corley,tonye@gmail.com,IPN,,,
354,Cathlene,Caw,cathlene@gmail.com,UNAM,,,
355,Corrie,enzley,corrie@gmail.com,UNEVE,,,
356,Napoleon,Lugton,napoleon@gmail.com,UAM,,,
357,Essy,Reisk,essy@gmail.com,IPN,,,
358,Rey,Flood,rey@gmail.com,UNEVE,,,
359,Demetria,Sedgwick,demetria@gmail.com,IPN,,,
360,Rheta,Salvage,rheta@gmail.com,UNAM,,,
361,Emmett,Challice,emmett@gmail.com,UNEVE,,,
362,Dix,Calderhead,dix@gmail.com,UVM,,,
363,Vania,Craythorn,vania@gmail.com,UNEVE,,,
364,Myra,Pirouet,myra@gmail.com,UTC,,,
365,Anatol,Kinze,anatol@gmail.com,UAM,,,
366,Isidore,Bezants,isidore@gmail.com,IPN,,,
367,Saree,Bolletti,saree@gmail.com,UNAM,,,
368,Salim,Lelievre,salim@gmail.com,UNEVE,,,
369,Culley,Malyon,culley@gmail.com,UVM,,,
370,Baxie,Licciardi,baxie@gmail.com,UVM,,,
371,Sig,Longworthy,sig@gmail.com,UAM,,,
372,Any,Comford,any@gmail.com,UTC,,,
373,Devonna,Benedek,devonna@gmail.com,UAM,,,
374,Burton,Whorton,burton@gmail.com,UNEVE,,,
375,Sig,Wilshin,sig@gmail.com,UTC,,,
376,Rhoda,Dawkins,rhoda@gmail.com,UNAM,,,
377,Alene,Fisher,alene@gmail.com,UTC,,,
378,Elie,Missen,elie@gmail.com,UNEVE,,,
379,Emmi,Widocks,emmi@gmail.com,UTC,,,
380,Jana,Jessett,jana@gmail.com,UVM,,,
381,Wilbert,Rakes,wilbert@gmail.com,UNITEC,,,
382,Genvieve,Bisco,genvieve@gmail.com,UTC,,,
383,Jany,Meaney,jany@gmail.com,UNEVE,,,
384,Mair,Fernihough,mair@gmail.com,UAM,,,
385,Tove,Bonehill,tove@gmail.com,UVM,,,
386,Hyacinthia,Sturney,hyacinthia@gmail.com,IPN,,,
387,Rowland,Slad,rowland@gmail.com,UAM,,,
388,Alonzo,Persent,alonzo@gmail.com,UNEVE,,,
389,Linc,Godridge,linc@gmail.com,UVM,,,
390,Rabbi,Cammocke,rabbi@gmail.com,UTC,,,
391,Selene,Corness,selene@gmail.com,UAM,,,
392,Payton,Hedan,payton@gmail.com,UVM,,,
393,Giorgia,Baldry,giorgia@gmail.com,UNAM,,,
394,Connie,Mattacks,connie@gmail.com,UNAM,,,
395,Quill,Davidovicz,quill@gmail.com,UAM,,,
396,Vi,Galbraeth,vi@gmail.com,UTC,,,
397,Clementia,Barwick,clementia@gmail.com,IPN,,,
398,Adore,Gartell,adore@gmail.com,UNEVE,,,
399,Milicent,Cullerne,milicent@gmail.com,UVM,,,
400,Pippa,Cousin,pippa@gmail.com,IPN,,,
401,Marin,Pauer,marin@gmail.com,UNITEC,,,
402,Gabi,Downse,gabi@gmail.com,UVM,,,
403,Chad,Freer,chad@gmail.com,UVM,,,
404,Kelsi,Smalecombe,kelsi@gmail.com,UNAM,,,
405,Larissa,Rubes,larissa@gmail.com,IPN,,,
406,Octavia,Oag,octavia@gmail.com,UAM,,,
407,Efrem,Hawtrey,efrem@gmail.com,UAM,,,
408,Rod,MacCombe,rod@gmail.com,UNAM,,,
409,Neilla,Snalum,neilla@gmail.com,UNITEC,,,
410,Justis,Stanistreet,justis@gmail.com,UNITEC,,,
411,Krishnah,Allibon,krishnah@gmail.com,UVM,,,
412,Nata,Ruspine,nata@gmail.com,UNITEC,,,
413,Antoinette,Pharro,antoinette@gmail.com,UVM,,,
414,Karilynn,Vousden,karilynn@gmail.com,UAM,,,
415,Thaxter,Sisnett,thaxter@gmail.com,UNITEC,,,
416,Bibbie,Few,bibbie@gmail.com,UTC,,,
417,Hilly,Saich,hilly@gmail.com,UNEVE,,,
418,Dulcia,McIlheran,dulcia@gmail.com,UVM,,,
419,Maje,Astles,maje@gmail.com,IPN,,,
420,Goddard,Cuttell,goddard@gmail.com,UVM,,,
421,Jackelyn,Vondruska,jackelyn@gmail.com,UVM,,,
422,Roxana,Aish,roxana@gmail.com,UVM,,,
423,Rubetta,Aireton,rubetta@gmail.com,UNEVE,,,
424,Eugenio,Aymeric,eugenio@gmail.com,UNEVE,,,
425,Doralynn,Yushin,doralynn@gmail.com,UNITEC,,,
426,Ole,Caesman,ole@gmail.com,UNAM,,,
427,Rina,Vawton,rina@gmail.com,IPN,,,
428,Eleanor,Askie,eleanor@gmail.com,UTC,,,
429,Parsifal,Jellett,parsifal@gmail.com,UNEVE,,,
430,Marjory,Josifovic,marjory@gmail.com,UNEVE,,,
431,Abigael,Hoodless,abigael@gmail.com,UTC,,,
432,Jourdan,Liddle,jourdan@gmail.com,UVM,,,
433,Cordy,Randalson,cordy@gmail.com,UVM,,,
434,Percival,Cello,percival@gmail.com,UVM,,,
435,Clarissa,Stansbie,clarissa@gmail.com,UNITEC,,,
436,Wallis,Gregoletti,wallis@gmail.com,IPN,,,
437,Winfield,Licence,winfield@gmail.com,UAM,,,
438,Lou,De Winton,lou@gmail.com,UNITEC,,,
439,Natale,Rodway,natale@gmail.com,UAM,,,
440,Kristina,Woodrow,kristina@gmail.com,UNEVE,,,
441,Eberhard,Brough,eberhard@gmail.com,UNEVE,,,
442,Jakob,Hanscomb,jakob@gmail.com,UVM,,,
443,Charlotta,Romanin,charlotta@gmail.com,UTC,,,
444,Jourdain,Soltan,jourdain@gmail.com,UVM,,,
445,Job,Adrien,job@gmail.com,UAM,,,
446,Peder,Allenson,peder@gmail.com,UAM,,,
447,Orella,Housego,orella@gmail.com,UNITEC,,,
448,Ethan,McKeeman,ethan@gmail.com,UNAM,,,
449,Domeniga,Mancell,domeniga@gmail.com,UNAM,,,
450,Padgett,Brudenell,padgett@gmail.com,UVM,,,
451,Dedra,Bickardike,dedra@gmail.com,UVM,,,
452,Florinda,Denacamp,florinda@gmail.com,UVM,,,
453,Mal,Ousbie,mal@gmail.com,UNEVE,,,
454,Julina,Troughton,julina@gmail.com,UTC,,,
455,Donall,Campo,donall@gmail.com,UNAM,,,
456,Sophronia,Mallinson,sophronia@gmail.com,UVM,,,
457,Dion,Craddock,dion@gmail.com,UVM,,,
458,Shirline,Bramley,shirline@gmail.com,UTC,,,
459,Nicol,Lockhart,nicol@gmail.com,UAM,,,
460,Ruthanne,Pleven,ruthanne@gmail.com,UVM,,,
461,Gilbertine,Linney,gilbertine@gmail.com,UTC,,,
462,Codi,Varley,codi@gmail.com,UNEVE,,,
463,Elinore,Bavage,elinore@gmail.com,UTC,,,
464,Clo,Naismith,clo@gmail.com,UVM,,,
465,Gherardo,Gatecliff,gherardo@gmail.com,IPN,,,
466,Dermot,Adamowitz,dermot@gmail.com,IPN,,,
467,Monroe,Stit,monroe@gmail.com,IPN,,,
468,Kimbra,Figurski,kimbra@gmail.com,UNEVE,,,
469,Niven,Annes,niven@gmail.com,IPN,,,
470,Alfy,Gissing,alfy@gmail.com,IPN,,,
471,Llywellyn,Melia,llywellyn@gmail.com,UTC,,,
472,Maure,Shankland,maure@gmail.com,UTC,,,
473,Rikki,Sainthill,rikki@gmail.com,UTC,,,
474,Faustine,Mattingly,faustine@gmail.com,UTC,,,
475,Daisie,Hullot,daisie@gmail.com,UTC,,,
476,Adrien,O'Keefe,adrien@gmail.com,UVM,,,
477,Janna,MacNockater,janna@gmail.com,UNEVE,,,
478,Rozele,Eouzan,rozele@gmail.com,UAM,,,
479,Jodi,Trowel,jodi@gmail.com,UTC,,,
480,Barclay,Branca,barclay@gmail.com,IPN,,,
481,Horatio,McEvay,horatio@gmail.com,IPN,,,
482,Rosanna,O'Gormally,rosanna@gmail.com,UNITEC,,,
483,Wenonah,Pree,wenonah@gmail.com,UNITEC,,,
484,Grange,Gate,grange@gmail.com,UNEVE,,,
485,Pace,Ragot,pace@gmail.com,UNEVE,,,
486,Merridie,Chessell,merridie@gmail.com,UAM,,,
487,Conchita,Espinho,conchita@gmail.com,UNAM,,,
488,Cassaundra,Spier,cassaundra@gmail.com,IPN,,,
489,Dareen,Winn,dareen@gmail.com,UNITEC,,,
490,Chic,Echalie,chic@gmail.com,UNEVE,,,
491,Pamelina,Talks,pamelina@gmail.com,UNAM,,,
492,Vladimir,Bremen,vladimir@gmail.com,UAM,,,
493,Moore,Keemer,moore@gmail.com,UNEVE,,,
494,Isabelita,Hauger,isabelita@gmail.com,UNAM,,,
495,Ellis,McTrustie,ellis@gmail.com,UNAM,,,
496,Chrissie,Scawton,chrissie@gmail.com,UVM,,,
497,Beverley,Neesham,beverley@gmail.com,UNAM,,,
498,Verge,Buxsey,verge@gmail.com,UVM,,,
499,Edd,Bartalin,edd@gmail.com,UNITEC,,,
500,Alessandra,Withey,alessandra@gmail.com,UNITEC,,,
501,Tally,Ruse,tally@gmail.com,UNEVE,,,
502,Esme,Fliege,esme@gmail.com,UVM,,,
503,Vallie,Tassaker,vallie@gmail.com,UNAM,,,
504,Anett,Hedger,anett@gmail.com,UTC,,,
505,Hestia,Casine,hestia@gmail.com,UVM,,,
506,Gabie,Dungee,gabie@gmail.com,UAM,,,
507,Brandon,Rawdall,brandon@gmail.com,UTC,,,
508,Lisle,Olliar,lisle@gmail.com,UNEVE,,,
509,Hiram,Reen,hiram@gmail.com,UNAM,,,
510,Brnaba,Chazerand,brnaba@gmail.com,UNITEC,,,
511,Diarmid,Gras,diarmid@gmail.com,UNEVE,,,
512,Marylou,Aneley,marylou@gmail.com,UAM,,,
513,Beverlie,Achrameev,beverlie@gmail.com,IPN,,,
514,Hansiain,Danielsson,hansiain@gmail.com,UNAM,,,
515,Emerson,Orrin,emerson@gmail.com,UVM,,,
516,Aura,Danilovitch,aura@gmail.com,UNEVE,,,
517,Umeko,Hudleston,umeko@gmail.com,UNAM,,,
518,Maggi,Chippendale,maggi@gmail.com,IPN,,,
519,Butch,Rubenfeld,butch@gmail.com,UNEVE,,,
520,Tobey,Desborough,tobey@gmail.com,UTC,,,
521,Shaine,Svanini,shaine@gmail.com,IPN,,,
522,Samuel,Cescot,samuel@gmail.com,UAM,,,
523,Jethro,Wildish,jethro@gmail.com,UNEVE,,,
524,Brianne,Ellerman,brianne@gmail.com,UNEVE,,,
525,Ragnar,Davidoff,ragnar@gmail.com,UVM,,,
526,Judd,Frackiewicz,judd@gmail.com,UVM,,,
527,Monte,Stuckley,monte@gmail.com,UNITEC,,,
528,Sean,Roskrug,sean@gmail.com,UNEVE,,,
529,Jacki,Loyns,jacki@gmail.com,UNEVE,,,
530,Van,Bau,van@gmail.com,UNITEC,,,
531,Salvidor,Schubuser,salvidor@gmail.com,IPN,,,
532,Aili,Curmi,aili@gmail.com,UAM,,,
533,Mohandas,Collis,mohandas@gmail.com,UNEVE,,,
534,Dallas,Ateggart,dallas@gmail.com,UTC,,,
535,Conrad,Muscott,conrad@gmail.com,UNAM,,,
536,Amitie,Woodworth,amitie@gmail.com,UVM,,,
537,Pandora,Guilloton,pandora@gmail.com,UNAM,,,
538,Hardy,Prati,hardy@gmail.com,IPN,,,
539,Kirk,Koppes,kirk@gmail.com,UNEVE,,,
540,Ginny,Vankov,ginny@gmail.com,UVM,,,
541,Roland,Rubinshtein,roland@gmail.com,IPN,,,
542,Tabbatha,Sirrell,tabbatha@gmail.com,UVM,,,
543,Rory,Orton,rory@gmail.com,UNITEC,,,
544,Veda,Kennington,veda@gmail.com,UNEVE,,,
545,Brantley,Doige,brantley@gmail.com,UNEVE,,,
546,Timmie,Cheasman,timmie@gmail.com,UNEVE,,,
547,Yuri,Mandifield,yuri@gmail.com,UNAM,,,
548,Bailie,Eastmond,bailie@gmail.com,UAM,,,
549,Maurie,Ciccetti,maurie@gmail.com,UAM,,,
550,Felipa,Barker,felipa@gmail.com,UNITEC,,,
551,Marnia,Simonini,marnia@gmail.com,UVM,,,
552,Quinton,Lawrenceson,quinton@gmail.com,UTC,,,
553,Isak,Bywaters,isak@gmail.com,UNITEC,,,
554,Happy,Tattershall,happy@gmail.com,UVM,,,
555,Therine,Housegoe,therine@gmail.com,IPN,,,
556,Carlin,Smallsman,carlin@gmail.com,IPN,,,
557,Thacher,Uglow,thacher@gmail.com,UTC,,,
558,Skylar,Reinisch,skylar@gmail.com,UNITEC,,,
559,Chandal,Guilbert,chandal@gmail.com,UVM,,,
560,Chase,Oakland,chase@gmail.com,IPN,,,
561,Dagny,Cardon,dagny@gmail.com,IPN,,,
562,Gweneth,Labbez,gweneth@gmail.com,UTC,,,
563,Khalil,Keneforde,khalil@gmail.com,UTC,,,
564,Hillier,Cella,hillier@gmail.com,UNITEC,,,
565,Rubetta,McKeowon,rubetta@gmail.com,UTC,,,
566,Olivette,Fransseni,olivette@gmail.com,UNAM,,,
567,Maitilde,Sacase,maitilde@gmail.com,IPN,,,
568,Alexia,Darcy,alexia@gmail.com,UTC,,,
569,Alleen,Aldridge,alleen@gmail.com,UNEVE,,,
570,Aeriela,Randles,aeriela@gmail.com,UNEVE,,,
571,Norton,Geard,norton@gmail.com,IPN,,,
572,Keene,Boon,keene@gmail.com,UNITEC,,,
573,Zsazsa,Geggie,zsazsa@gmail.com,UAM,,,
574,Brooke,Matzke,brooke@gmail.com,UNEVE,,,
575,Julie,Royste,julie@gmail.com,UNAM,,,
576,Corbie,Noke,corbie@gmail.com,UNEVE,,,
577,Nonah,Ryland,nonah@gmail.com,UNEVE,,,
578,Tasha,Saffin,tasha@gmail.com,IPN,,,
579,Brynna,Diben,brynna@gmail.com,UNITEC,,,
580,Ernaline,Comolli,ernaline@gmail.com,UVM,,,
581,Ray,Pascall,ray@gmail.com,UNITEC,,,
582,Shandy,Le Barr,shandy@gmail.com,UTC,,,
583,Rosana,Spadaro,rosana@gmail.com,UNEVE,,,
584,Dennis,Shawell,dennis@gmail.com,UNAM,,,
585,Devondra,Rosenthal,devondra@gmail.com,UAM,,,
586,Montague,Bleackley,montague@gmail.com,UAM,,,
587,Seth,Kliemchen,seth@gmail.com,UNAM,,,
588,Aubry,Eim,aubry@gmail.com,UNEVE,,,
589,Leupold,Platt,leupold@gmail.com,UTC,,,
590,Lombard,Streets,lombard@gmail.com,UVM,,,
591,Kati,Boulder,kati@gmail.com,UTC,,,
592,Maggee,Hunnaball,maggee@gmail.com,UNEVE,,,
593,Jonis,Trowell,jonis@gmail.com,UNEVE,,,
594,Jehanna,Vint,jehanna@gmail.com,UTC,,,
595,Kaycee,Krook,kaycee@gmail.com,UAM,,,
596,Ulberto,Gwin,ulberto@gmail.com,UTC,,,
597,Trumaine,Franzotto,trumaine@gmail.com,IPN,,,
598,Winnifred,Raspel,winnifred@gmail.com,UNITEC,,,
599,Ladonna,Agglio,ladonna@gmail.com,UNITEC,,,
600,Jonie,Greally,jonie@gmail.com,UTC,,,
601,Pooh,Jori,pooh@gmail.com,IPN,,,
602,Meier,Morgan,meier@gmail.com,UNITEC,,,
603,Cherise,Roback,cherise@gmail.com,UTC,,,
604,Odille,Groarty,odille@gmail.com,UVM,,,
605,Eolande,Tommis,eolande@gmail.com,UNITEC,,,
606,Wittie,Handrek,wittie@gmail.com,UAM,,,
607,Justin,Whatham,justin@gmail.com,UVM,,,
608,Sibby,Sarjent,sibby@gmail.com,UNEVE,,,
609,Tiffany,Frondt,tiffany@gmail.com,UVM,,,
610,Foster,Ranklin,foster@gmail.com,UNITEC,,,
611,Lombard,Kebbell,lombard@gmail.com,UNEVE,,,
612,Damaris,Saiger,damaris@gmail.com,IPN,,,
613,Rufe,Bilbery,rufe@gmail.com,UAM,,,
614,Cosme,Alan,cosme@gmail.com,UVM,,,
615,Armstrong,Buckenhill,armstrong@gmail.com,UNITEC,,,
616,Christi,Warsap,christi@gmail.com,UNEVE,,,
617,Margi,Walsh,margi@gmail.com,UNEVE,,,
618,Georgianne,Halladay,georgianne@gmail.com,UVM,,,
619,Averell,Sutherington,averell@gmail.com,UVM,,,
620,Carlene,Ruddy,carlene@gmail.com,UNAM,,,
621,Yuri,Lodevick,yuri@gmail.com,IPN,,,
622,Inez,Mandres,inez@gmail.com,UVM,,,
623,Prentice,Streeter,prentice@gmail.com,UTC,,,
624,Truman,Danielli,truman@gmail.com,UTC,,,
625,Wylma,Farman,wylma@gmail.com,UAM,,,
626,Brandea,Lacoste,brandea@gmail.com,UVM,,,
627,Tanya,Broadbere,tanya@gmail.com,IPN,,,
628,Stavro,Donaldson,stavro@gmail.com,UVM,,,
629,Peirce,Frankum,peirce@gmail.com,UVM,,,
630,Bambi,Keeley,bambi@gmail.com,UTC,,,
631,Margaretha,Dunlop,margaretha@gmail.com,UNAM,,,
632,Corby,Wince,corby@gmail.com,UNEVE,,,
633,Elia,Newdick,elia@gmail.com,UAM,,,
634,Waite,McFadden,waite@gmail.com,UAM,,,
635,Salvador,Orum,salvador@gmail.com,UTC,,,
636,Ira,Lewsley,ira@gmail.com,UNEVE,,,
637,Aleda,Rive,aleda@gmail.com,UNEVE,,,
638,Chrissy,Molesworth,chrissy@gmail.com,UNITEC,,,
639,Tasia,Eckery,tasia@gmail.com,UNAM,,,
640,Windy,Jouaneton,windy@gmail.com,UNITEC,,,
641,Sadella,Buntain,sadella@gmail.com,IPN,,,
642,Lombard,Jelphs,lombard@gmail.com,UVM,,,
643,Mohandis,Westover,mohandis@gmail.com,UTC,,,
644,Winny,Meenehan,winny@gmail.com,UNAM,,,
645,Yasmeen,Bartel,yasmeen@gmail.com,UNEVE,,,
646,Loraine,Katte,loraine@gmail.com,UNEVE,,,
647,Alvin,Farries,alvin@gmail.com,UNAM,,,
648,Silvia,Mazzilli,silvia@gmail.com,UTC,,,
649,Arabelle,Dury,arabelle@gmail.com,UNITEC,,,
650,Babara,Headly,babara@gmail.com,UVM,,,
651,Ashli,Keaveney,ashli@gmail.com,UTC,,,
652,Lenci,Murdy,lenci@gmail.com,UVM,,,
653,Felizio,Klyn,felizio@gmail.com,UNAM,,,
654,Priscella,Twede,priscella@gmail.com,UTC,,,
655,Peggy,Bosnell,peggy@gmail.com,IPN,,,
656,Lorianne,McNirlan,lorianne@gmail.com,UNEVE,,,
657,Louis,Burnyeat,louis@gmail.com,UTC,,,
658,Hort,Banke,hort@gmail.com,UAM,,,
659,Todd,Frankling,todd@gmail.com,IPN,,,
660,Artair,Pallis,artair@gmail.com,UNEVE,,,
661,Rochelle,Creeboe,rochelle@gmail.com,UVM,,,
662,Philbert,Pickering,philbert@gmail.com,UNITEC,,,
663,Corey,Severy,corey@gmail.com,UNAM,,,
664,Carmita,Enos,carmita@gmail.com,UNAM,,,
665,Hale,Winskill,hale@gmail.com,UNITEC,,,
666,Sisely,Paris,sisely@gmail.com,UNEVE,,,
667,Birgitta,Tournie,birgitta@gmail.com,UNITEC,,,
668,Harper,Baxstare,harper@gmail.com,UNAM,,,
669,Deedee,Biggins,deedee@gmail.com,UNEVE,,,
670,Wallas,Spurdens,wallas@gmail.com,UAM,,,
671,Myrlene,Cogley,myrlene@gmail.com,UAM,,,
672,Carlyn,Geroldini,carlyn@gmail.com,UNEVE,,,
673,Amargo,Cheatle,amargo@gmail.com,IPN,,,
674,Chandra,Hawney,chandra@gmail.com,UVM,,,
675,Jens,Mannock,jens@gmail.com,UTC,,,
676,Ennis,Staneland,ennis@gmail.com,UNAM,,,
677,Shani,Astley,shani@gmail.com,IPN,,,
678,Trish,Pinfold,trish@gmail.com,UNEVE,,,
679,Susannah,Strangwood,susannah@gmail.com,UTC,,,
680,Justino,McKeney,justino@gmail.com,UAM,,,
681,Milton,Egan,milton@gmail.com,UNITEC,,,
682,Katrine,Troop,katrine@gmail.com,UVM,,,
683,Marcella,Pankethman,marcella@gmail.com,UAM,,,
684,Ferdie,Wipfler,ferdie@gmail.com,UVM,,,
685,Ransom,Gianilli,ransom@gmail.com,IPN,,,
686,Emelen,Fanner,emelen@gmail.com,IPN,,,
687,Christel,Franey,christel@gmail.com,UNEVE,,,
688,Elaine,Collymore,elaine@gmail.com,UNAM,,,
689,Ella,Fitchett,ella@gmail.com,UTC,,,
690,Lyda,Bessey,lyda@gmail.com,UAM,,,
691,Wat,Lippini,wat@gmail.com,UAM,,,
692,Selena,Merrington,selena@gmail.com,UVM,,,
693,Gaspar,Garton,gaspar@gmail.com,UNEVE,,,
694,Kandace,Shalloe,kandace@gmail.com,UNAM,,,
695,Vanda,Peartree,vanda@gmail.com,UNEVE,,,
696,Carmelle,Bawdon,carmelle@gmail.com,UAM,,,
697,Raviv,Liverseege,raviv@gmail.com,UNEVE,,,
698,Paton,Medlin,paton@gmail.com,UNITEC,,,
699,Janet,Tomasello,janet@gmail.com,UTC,,,
700,Jaimie,Waggatt,jaimie@gmail.com,UTC,,,
701,Yevette,Skeats,yevette@gmail.com,IPN,,,
702,Abbey,Huggard,abbey@gmail.com,UTC,,,
703,Bartlett,Mawman,bartlett@gmail.com,UTC,,,
704,Amelita,Nyland,amelita@gmail.com,UVM,,,
705,Gal,Maciunas,gal@gmail.com,UNEVE,,,
706,Gil,Bazeley,gil@gmail.com,IPN,,,
707,Margette,Harly,margette@gmail.com,UNEVE,,,
708,Shandeigh,Strelitzer,shandeigh@gmail.com,UNEVE,,,
709,Paco,Webburn,paco@gmail.com,UTC,,,
710,Farlee,Clemo,farlee@gmail.com,IPN,,,
711,Haroun,Millier,haroun@gmail.com,IPN,,,
712,Perice,Pentony,perice@gmail.com,UVM,,,
713,Starr,Feild,starr@gmail.com,IPN,,,
714,Fancy,Soall,fancy@gmail.com,UVM,,,
715,Sapphire,Picker,sapphire@gmail.com,UVM,,,
716,Win,Wraight,win@gmail.com,UNAM,,,
717,Clerissa,McGilbon,clerissa@gmail.com,IPN,,,
718,Francesca,Jacobson,francesca@gmail.com,UVM,,,
719,Shaylah,Trammel,shaylah@gmail.com,UVM,,,
720,Linnea,Batalini,linnea@gmail.com,UNITEC,,,
721,Vina,Enderby,vina@gmail.com,UNITEC,,,
722,Olivier,Doyland,olivier@gmail.com,UNEVE,,,
723,Adore,Spratt,adore@gmail.com,UAM,,,
724,Aurea,Wodeland,aurea@gmail.com,UVM,,,
725,Derril,Pattlel,derril@gmail.com,UNEVE,,,
726,Suzy,Herreran,suzy@gmail.com,UTC,,,
727,Alisander,Laffling,alisander@gmail.com,IPN,,,
728,Matthias,Cissen,matthias@gmail.com,UNITEC,,,
729,Skylar,Wibrew,skylar@gmail.com,UTC,,,
730,Jermaine,Birney,jermaine@gmail.com,UVM,,,
731,Aleece,Boskell,aleece@gmail.com,UAM,,,
732,Agneta,Billitteri,agneta@gmail.com,UNEVE,,,
733,Deck,Anthon,deck@gmail.com,UAM,,,
734,Sosanna,Ockland,sosanna@gmail.com,UTC,,,
735,Aida,Crutchley,aida@gmail.com,IPN,,,
736,Cally,Blaszczyk,cally@gmail.com,IPN,,,
737,Antonino,Caselick,antonino@gmail.com,UVM,,,
738,Maryrose,MacTrustrie,maryrose@gmail.com,UAM,,,
739,Dalt,Neno,dalt@gmail.com,IPN,,,
740,Duke,Mordecai,duke@gmail.com,IPN,,,
741,Cheslie,Gunnell,cheslie@gmail.com,UNEVE,,,
742,Leupold,Bouzek,leupold@gmail.com,UNAM,,,
743,Dela,Rudram,dela@gmail.com,UVM,,,
744,Aggy,Cobley,aggy@gmail.com,IPN,,,
745,Stefano,Dowdell,stefano@gmail.com,IPN,,,
746,Bernardine,Tanton,bernardine@gmail.com,UAM,,,
747,Thomasin,Burgott,thomasin@gmail.com,UNEVE,,,
748,Russell,Baud,russell@gmail.com,UNAM,,,
749,Dame,Lippett,dame@gmail.com,IPN,,,
750,Lorry,Eton,lorry@gmail.com,UAM,,,
751,Mariann,Barks,mariann@gmail.com,UAM,,,
752,Gordie,Montel,gordie@gmail.com,UTC,,,
753,Dory,Percy,dory@gmail.com,IPN,,,
754,Kore,Santry,kore@gmail.com,UNAM,,,
755,Aldus,Fortin,aldus@gmail.com,UNEVE,,,
756,Bowie,Garrould,bowie@gmail.com,UNITEC,,,
757,Gunner,Shayes,gunner@gmail.com,UTC,,,
758,Juliet,De Zamudio,juliet@gmail.com,UTC,,,
759,Elsi,Philpotts,elsi@gmail.com,UNAM,,,
760,Homerus,Zaple,homerus@gmail.com,UNAM,,,
761,Crichton,Rigglesford,crichton@gmail.com,UAM,,,
762,Langsdon,Crocker,langsdon@gmail.com,IPN,,,
763,Con,Duberry,con@gmail.com,UNITEC,,,
764,Tymothy,Donn,tymothy@gmail.com,IPN,,,
765,Farrand,Bleakley,farrand@gmail.com,UNAM,,,
766,Fidelia,Angove,fidelia@gmail.com,UTC,,,
767,Anders,Bowe,anders@gmail.com,UAM,,,
768,Madelin,Guly,madelin@gmail.com,UNEVE,,,
769,Merrilee,Hilling,merrilee@gmail.com,UVM,,,
770,Phyllida,Frostdicke,phyllida@gmail.com,UNEVE,,,
771,Andie,Dinnage,andie@gmail.com,UVM,,,
772,Ninette,Fayne,ninette@gmail.com,UAM,,,
773,Meir,Simants,meir@gmail.com,UNEVE,,,
774,Bennett,Penketh,bennett@gmail.com,UNAM,,,
775,Katrinka,Burry,katrinka@gmail.com,UNITEC,,,
776,Wallis,Paula,wallis@gmail.com,IPN,,,
777,Paola,Dalgarno,paola@gmail.com,UVM,,,
778,Joby,Bagniuk,joby@gmail.com,UNAM,,,
779,Francklyn,Huttley,francklyn@gmail.com,UAM,,,
780,Alecia,Simonnot,alecia@gmail.com,UNITEC,,,
781,Michaeline,Caldera,michaeline@gmail.com,IPN,,,
782,Sapphire,Chaffyn,sapphire@gmail.com,UNAM,,,
783,Zach,Bettesworth,zach@gmail.com,UNAM,,,
784,Sibley,Gillard,sibley@gmail.com,UNEVE,,,
785,Reggis,Shale,reggis@gmail.com,UAM,,,
786,Lisle,Ewell,lisle@gmail.com,UTC,,,
787,Kirstyn,Whitmell,kirstyn@gmail.com,IPN,,,
788,Davis,Bennit,davis@gmail.com,UTC,,,
789,Grayce,Zoellner,grayce@gmail.com,UAM,,,
790,Dee dee,Burney,dee dee@gmail.com,IPN,,,
791,Bonny,Mackley,bonny@gmail.com,UNAM,,,
792,Harley,Verbeke,harley@gmail.com,IPN,,,
793,Melisandra,Sapshed,melisandra@gmail.com,UNAM,,,
794,Berti,Fragino,berti@gmail.com,UVM,,,
795,Tynan,Winsbury,tynan@gmail.com,UNITEC,,,
796,Eda,Planks,eda@gmail.com,UVM,,,
797,Maryrose,Rounding,maryrose@gmail.com,UAM,,,
798,Paula,Renner,paula@gmail.com,UNAM,,,
799,Celia,Matchett,celia@gmail.com,IPN,,,
800,Leslie,Ludovico,leslie@gmail.com,UNITEC,,,
801,Florida,Rraundl,florida@gmail.com,IPN,,,
802,Mervin,Cossentine,mervin@gmail.com,UVM,,,
803,Cyndy,Cogzell,cyndy@gmail.com,UVM,,,
804,Rosalind,Biswell,rosalind@gmail.com,UNAM,,,
805,Evin,Edgeworth,evin@gmail.com,UNITEC,,,
806,Murdoch,Harmstone,murdoch@gmail.com,UAM,,,
807,Rasla,Clement,rasla@gmail.com,IPN,,,
808,Bartholomew,Bruyett,bartholomew@gmail.com,UTC,,,
809,Ramona,Tenney,ramona@gmail.com,IPN,,,
810,Guinna,Ulyat,guinna@gmail.com,IPN,,,
811,Mildrid,Dallan,mildrid@gmail.com,UNITEC,,,
812,Thomasa,Parkin,thomasa@gmail.com,UNEVE,,,
813,Ernaline,Vegas,ernaline@gmail.com,UNAM,,,
814,Thaddeus,Sapsforde,thaddeus@gmail.com,UAM,,,
815,Graehme,Shalliker,graehme@gmail.com,UAM,,,
816,Vidovic,Dwight,vidovic@gmail.com,IPN,,,
817,Bastien,Burgoine,bastien@gmail.com,UNEVE,,,
818,Giles,Carmont,giles@gmail.com,UNITEC,,,
819,Friedrich,Charte,friedrich@gmail.com,UTC,,,
820,Shelley,Blowen,shelley@gmail.com,IPN,,,
821,Lindsay,Sinton,lindsay@gmail.com,UNEVE,,,
822,Sarene,Costanza,sarene@gmail.com,UTC,,,
823,Adan,Kix,adan@gmail.com,UNITEC,,,
824,Winny,Drowsfield,winny@gmail.com,UNAM,,,
825,Myriam,Jewess,myriam@gmail.com,UVM,,,
826,Orson,Skinn,orson@gmail.com,UNITEC,,,
827,Osbourn,Macci,osbourn@gmail.com,UAM,,,
828,Wendye,McErlaine,wendye@gmail.com,UVM,,,
829,Maurise,O'Towey,maurise@gmail.com,UTC,,,
830,Hester,Heindrick,hester@gmail.com,UVM,,,
831,Lela,Abrahamian,lela@gmail.com,UTC,,,
832,Lanie,Allwright,lanie@gmail.com,UTC,,,
833,Shem,Tomik,shem@gmail.com,UNAM,,,
834,Natasha,Marcroft,natasha@gmail.com,UNITEC,,,
835,Lance,Renol,lance@gmail.com,UAM,,,
836,Saba,Freegard,saba@gmail.com,IPN,,,
837,Calida,Riepl,calida@gmail.com,UTC,,,
838,Delly,Ching,delly@gmail.com,IPN,,,
839,Mariel,Dominetti,mariel@gmail.com,UNEVE,,,
840,Ingamar,MacAlpyne,ingamar@gmail.com,UTC,,,
841,Antons,Coate,antons@gmail.com,UNITEC,,,
842,Darcey,Brattell,darcey@gmail.com,UNITEC,,,
843,Berti,Kleimt,berti@gmail.com,UTC,,,
844,Coop,Gabites,coop@gmail.com,UNITEC,,,
845,Caren,Plevey,caren@gmail.com,UAM,,,
846,Cecilla,Ianitti,cecilla@gmail.com,UVM,,,
847,Lauree,Le Gassick,lauree@gmail.com,UTC,,,
848,Drusi,Muckart,drusi@gmail.com,UNEVE,,,
849,Trstram,Boshard,trstram@gmail.com,UTC,,,
850,Tanney,Ornillos,tanney@gmail.com,IPN,,,
851,Jemmy,Shadfourth,jemmy@gmail.com,UAM,,,
852,Starlin,Seide,starlin@gmail.com,UAM,,,
853,Tawnya,Rosie,tawnya@gmail.com,UVM,,,
854,Oates,Lille,oates@gmail.com,IPN,,,
855,Ali,Goudge,ali@gmail.com,UNAM,,,
856,Cinda,Kenright,cinda@gmail.com,UNAM,,,
857,Dodie,Lackemann,dodie@gmail.com,UVM,,,
858,Durand,Bradnock,durand@gmail.com,UTC,,,
859,Lianne,Scampion,lianne@gmail.com,UTC,,,
860,Antonin,Tovey,antonin@gmail.com,UVM,,,
861,Sherrie,Ivanisov,sherrie@gmail.com,UVM,,,
862,Whitney,Lanigan,whitney@gmail.com,UVM,,,
863,Davide,Vallerine,davide@gmail.com,UNITEC,,,
864,Morgana,Thrift,morgana@gmail.com,UAM,,,
865,Katerine,Scullion,katerine@gmail.com,UVM,,,
866,Bryce,Deener,bryce@gmail.com,UTC,,,
867,Maurise,Leason,maurise@gmail.com,IPN,,,
868,Lyndy,Ivanonko,lyndy@gmail.com,UNEVE,,,
869,Ruthann,Hullbrook,ruthann@gmail.com,IPN,,,
870,Joletta,Tytcomb,joletta@gmail.com,IPN,,,
871,Hayden,Olyunin,hayden@gmail.com,UNITEC,,,
872,Florence,Ferriday,florence@gmail.com,UTC,,,
873,Kristopher,Frediani,kristopher@gmail.com,UTC,,,
874,Ruth,Hryniewicz,ruth@gmail.com,UTC,,,
875,Granger,Gridley,granger@gmail.com,UNAM,,,
876,Catrina,Millwater,catrina@gmail.com,IPN,,,
877,Mala,Gomez,mala@gmail.com,UAM,,,
878,Hetti,Klimontovich,hetti@gmail.com,UNAM,,,
879,Randall,McBain,randall@gmail.com,UTC,,,
880,Lorianna,Van Niekerk,lorianna@gmail.com,UNEVE,,,
881,Gerianna,Ahren,gerianna@gmail.com,UVM,,,
882,Ferguson,Burnhard,ferguson@gmail.com,UVM,,,
883,Seumas,De Bruijn,seumas@gmail.com,UVM,,,
884,Olivie,Corris,olivie@gmail.com,UNITEC,,,
885,Allen,Igoe,allen@gmail.com,UNITEC,,,
886,Cindelyn,Matzkaitis,cindelyn@gmail.com,IPN,,,
887,Saba,Withrop,saba@gmail.com,UNAM,,,
888,Noelle,Olerenshaw,noelle@gmail.com,UNEVE,,,
889,Thain,Guiraud,thain@gmail.com,UNITEC,,,
890,Sisile,Cordova,sisile@gmail.com,UNITEC,,,
891,Evonne,Aspinell,evonne@gmail.com,IPN,,,
892,Lynn,Wilber,lynn@gmail.com,UNITEC,,,
893,Dorolisa,Kinsett,dorolisa@gmail.com,UAM,,,
894,Kelley,Merit,kelley@gmail.com,UVM,,,
895,Jocelyne,Lewisham,jocelyne@gmail.com,UVM,,,
896,Georg,Fitter,georg@gmail.com,IPN,,,
897,Ralph,Chedgey,ralph@gmail.com,IPN,,,
898,Jere,Pencost,jere@gmail.com,UNAM,,,
899,Alyce,Eggerton,alyce@gmail.com,IPN,,,
900,Reed,Matantsev,reed@gmail.com,UNAM,,,
901,Benoite,Steffans,benoite@gmail.com,UNEVE,,,
902,Hedi,Attiwill,hedi@gmail.com,UTC,,,
903,Sarita,Walesa,sarita@gmail.com,UNAM,,,
904,Berne,Kasting,berne@gmail.com,UTC,,,
905,Scarlet,Bowller,scarlet@gmail.com,UTC,,,
906,Joni,Gomez,joni@gmail.com,UTC,,,
907,Jeralee,Joicey,jeralee@gmail.com,UVM,,,
908,Liuka,Stoaks,liuka@gmail.com,UTC,,,
909,Merrilee,Torrijos,merrilee@gmail.com,UTC,,,
910,Rena,Ferencz,rena@gmail.com,UVM,,,
911,Rowney,Croxall,rowney@gmail.com,UVM,,,
912,Jefferey,Peschka,jefferey@gmail.com,UNEVE,,,
913,Eyde,Bickerstasse,eyde@gmail.com,UAM,,,
914,Jehu,Vivash,jehu@gmail.com,UNAM,,,
915,Hilly,Semper,hilly@gmail.com,UNAM,,,
916,Brock,Dearlove,brock@gmail.com,UVM,,,
917,Davin,Cavanaugh,davin@gmail.com,UNITEC,,,
918,Cindy,Talbot,cindy@gmail.com,UNAM,,,
919,Ellie,Skewes,ellie@gmail.com,UTC,,,
920,Lissi,Book,lissi@gmail.com,UNEVE,,,
921,Joey,Stearn,joey@gmail.com,UTC,,,
922,Robbert,Pleven,robbert@gmail.com,UNITEC,,,
923,Mickey,Astridge,mickey@gmail.com,UVM,,,
924,Cam,Welbourn,cam@gmail.com,UAM,,,
925,Gayleen,De Souza,gayleen@gmail.com,UAM,,,
926,Sibelle,Beautyman,sibelle@gmail.com,IPN,,,
927,Ambrosio,Morit,ambrosio@gmail.com,UNITEC,,,
928,Elvis,Hollows,elvis@gmail.com,UTC,,,
929,Alicia,Stirling,alicia@gmail.com,UNAM,,,
930,Carlita,Meiningen,carlita@gmail.com,UNITEC,,,
931,Jessamyn,Goodnow,jessamyn@gmail.com,UVM,,,
932,Romonda,Daudray,romonda@gmail.com,UNEVE,,,
933,Odille,Gault,odille@gmail.com,UNAM,,,
934,Laurella,Cleland,laurella@gmail.com,UAM,,,
935,Leda,Olivet,leda@gmail.com,UNEVE,,,
936,Che,Papis,che@gmail.com,UAM,,,
937,Felicle,Few,felicle@gmail.com,IPN,,,
938,Aron,Sedge,aron@gmail.com,UTC,,,
939,Renata,O'Fallon,renata@gmail.com,UTC,,,
940,Tressa,Battye,tressa@gmail.com,UNITEC,,,
941,Nathanil,Monteith,nathanil@gmail.com,UTC,,,
942,Codee,Prestidge,codee@gmail.com,UAM,,,
943,Powell,Aspole,powell@gmail.com,UNITEC,,,
944,Evey,Shale,evey@gmail.com,UVM,,,
945,Cassie,Spaven,cassie@gmail.com,IPN,,,
946,Mirella,Coots,mirella@gmail.com,UNITEC,,,
947,Welsh,Edleston,welsh@gmail.com,UAM,,,
948,Maryl,Branford,maryl@gmail.com,IPN,,,
949,Charley,Millis,charley@gmail.com,IPN,,,
950,Joanne,Wolverson,joanne@gmail.com,UAM,,,
951,Caria,Horsefield,caria@gmail.com,IPN,,,
952,Woody,Caffrey,woody@gmail.com,UAM,,,
953,Myrwyn,Cuerdall,myrwyn@gmail.com,UNAM,,,
954,William,O' Sullivan,william@gmail.com,UNEVE,,,
955,Wayland,Bourton,wayland@gmail.com,UAM,,,
956,Baxy,Aleksashin,baxy@gmail.com,UTC,,,
957,Faunie,Sheering,faunie@gmail.com,UNAM,,,
958,Nellie,Haslum,nellie@gmail.com,UNEVE,,,
959,Nathalia,Raddin,nathalia@gmail.com,IPN,,,
960,Conchita,Birt,conchita@gmail.com,UVM,,,
961,Anthia,O'Skehan,anthia@gmail.com,UNEVE,,,
962,Dotti,Marsie,dotti@gmail.com,UNEVE,,,
963,Eolanda,Kiossel,eolanda@gmail.com,UNEVE,,,
964,Luci,Havis,luci@gmail.com,UNAM,,,
965,Claudie,Canto,claudie@gmail.com,UAM,,,
966,Davin,Rapley,davin@gmail.com,IPN,,,
967,Hartwell,Keigher,hartwell@gmail.com,UTC,,,
968,Arlen,Vispo,arlen@gmail.com,UAM,,,
969,Giffie,Picardo,giffie@gmail.com,UVM,,,
970,Payton,Ledur,payton@gmail.com,UVM,,,
971,Ketti,Merricks,ketti@gmail.com,UVM,,,
972,Maddy,Kiehne,maddy@gmail.com,UTC,,,
973,Broddy,Corkel,broddy@gmail.com,UNEVE,,,
974,Guglielma,Cropper,guglielma@gmail.com,UAM,,,
975,Ulrich,Dursley,ulrich@gmail.com,UNAM,,,
976,Paco,Bowcock,paco@gmail.com,UTC,,,
977,Bernette,Greste,bernette@gmail.com,UNITEC,,,
978,Evin,Kuschke,evin@gmail.com,UNEVE,,,
979,Torie,Comben,torie@gmail.com,UAM,,,
980,Myrtie,Canning,myrtie@gmail.com,UNITEC,,,
981,Odessa,Johncey,odessa@gmail.com,UNEVE,,,
982,Tanitansy,Drakeford,tanitansy@gmail.com,UAM,,,
983,Queenie,Pieracci,queenie@gmail.com,UNAM,,,
984,Ervin,Casbon,ervin@gmail.com,UNAM,,,
985,Mendy,Bourthouloume,mendy@gmail.com,UNEVE,,,
986,Martica,Halvosen,martica@gmail.com,UVM,,,
987,Antonietta,Taaffe,antonietta@gmail.com,UNAM,,,
988,Kim,Lapworth,kim@gmail.com,UVM,,,
989,Dave,Milmoe,dave@gmail.com,UNAM,,,
990,Marcellus,Zottoli,marcellus@gmail.com,UNITEC,,,
991,Bernette,Desvignes,bernette@gmail.com,UTC,,,
992,Adey,Jermyn,adey@gmail.com,UNAM,,,
993,Joe,Gwillyam,joe@gmail.com,UVM,,,
994,Patricio,Davidovic,patricio@gmail.com,IPN,,,
995,Arleen,Pontain,arleen@gmail.com,UNAM,,,
996,Jenni,Doberer,jenni@gmail.com,UNITEC,,,
997,Eveleen,Buncher,eveleen@gmail.com,UTC,,,
998,Waldemar,Oslar,waldemar@gmail.com,UAM,,,
999,Mikaela,Morrel,mikaela@gmail.com,UNEVE,,,
1000,Pryce,Petrik,pryce@gmail.com,UAM,,,
